attendance,internalMarks,assignmentMarks,previousMarks,studyHours,participation,finalScore
90,47,41,87,2.9,54,57.8
56,83,87,97,4.8,77,76.87
51,45,53,54,4.5,41,51.41
95,81,84,74,3.9,68,74.79
50,88,91,50,5.9,61,65.33
63,88,61,46,1.6,46,51.84
72,78,56,91,1.3,69,65.26
74,45,75,58,6.8,79,70.85
73,76,52,85,1.5,82,61.83
68,45,94,54,7.1,64,64.03
90,93,63,50,3.6,53,66.9
94,99,83,81,1.5,80,70.91
96,55,50,69,3.7,99,68.2
85,54,83,60,6.9,89,68.56
52,91,60,65,2.9,53,64.93
86,96,85,60,2.5,71,67.91
91,69,49,56,2.0,87,60.66
66,87,77,67,7.3,65,75.12
58,72,71,45,6.3,95,62.8
90,50,90,83,4.0,44,66.5
88,69,73,56,7.8,95,81.72
93,86,47,83,7.2,88,81.07
91,61,47,58,4.0,69,56.98
96,96,86,56,7.8,88,81.29
56,95,80,59,6.9,72,75.69
59,63,88,50,4.8,89,67.87
50,78,60,71,1.1,99,58.13
69,55,43,55,7.1,100,62.94
96,71,92,44,7.8,74,78.36
58,82,70,100,4.8,56,74.98
88,67,53,99,4.8,86,79.15
95,59,65,82,5.5,68,77.6
78,47,55,54,1.4,41,48.58
64,77,54,40,1.5,80,47.74
54,97,42,95,3.3,72,68.28
92,71,53,74,1.9,99,70.27
86,70,55,90,4.3,66,69.15
56,82,67,62,4.0,69,67.54
53,83,81,81,1.7,65,65.93
56,55,52,52,4.8,48,53.62
67,69,55,95,7.5,68,81.73
85,46,43,81,8.0,93,70.95
55,99,88,94,2.7,66,73.56
63,95,65,97,1.4,64,64.12
74,56,99,90,6.5,58,75.98
96,90,75,82,6.0,49,77.2
63,43,77,87,4.8,87,66.34
53,77,70,72,7.4,73,70.72
82,45,94,51,1.5,44,53.35
65,65,47,100,7.2,55,76.74
52,79,45,66,5.6,76,66.43
66,53,82,85,3.2,56,62.51
92,81,59,69,3.2,88,74.31
50,69,79,76,8.0,44,72.98
82,56,48,99,3.4,44,69.74
73,58,50,68,6.8,85,68.08
91,73,40,82,6.7,59,79.72
56,100,96,48,2.9,96,62.92
85,49,57,58,5.2,85,62.68
93,80,94,56,4.5,56,74.25
53,45,80,67,6.8,42,57.94
99,48,80,56,2.1,68,59.02
77,75,40,47,1.5,96,57.56
59,74,42,93,3.6,75,64.08
58,42,59,63,7.3,90,70.72
52,97,62,53,5.8,82,65.38
99,75,96,95,3.8,79,83.09
65,95,50,91,6.7,96,81.97
61,87,99,61,6.5,66,77.57
97,91,55,57,2.1,84,62.23
52,94,70,54,2.4,98,62.5
69,92,90,95,2.6,41,73.7
75,61,57,95,1.5,89,63.34
91,72,65,83,7.9,74,80.76
51,47,96,56,2.2,56,47.13
88,67,62,86,6.5,67,78.31
82,47,64,97,5.0,56,65.89
77,40,73,99,6.6,83,78.59
97,87,82,52,3.5,44,70.79
71,79,60,82,6.9,86,82.8
82,59,82,66,3.3,84,63.41
58,52,66,82,7.6,83,75.98
61,79,76,59,3.8,93,61.1
68,53,67,90,5.1,81,69.07
78,68,83,53,4.6,90,71.36
100,87,50,82,1.6,72,70.74
89,61,45,92,7.7,55,79.53
64,91,52,49,1.2,55,58.59
89,94,89,44,4.2,96,73.45
62,85,84,64,4.5,55,63.93
94,40,97,88,7.0,96,76.97
77,54,51,91,7.7,73,76.4
85,55,98,94,1.8,48,69.36
92,73,75,78,3.2,88,76.11
89,92,86,97,4.5,93,89.22
78,97,50,87,7.0,68,79.74
65,93,80,57,6.4,73,73.75
65,57,68,44,6.0,55,57.17
70,97,74,45,2.0,54,57.78
59,85,53,44,3.9,61,58.43
76,43,53,93,3.9,97,70.7
94,41,94,96,6.4,64,77.87
72,59,88,64,7.0,93,73.39
97,87,74,91,5.2,54,80.38
67,67,71,41,3.7,82,60.04
75,86,50,93,4.3,48,77.06
84,41,98,65,5.1,82,63.07
91,67,48,95,4.2,43,68.0
70,53,69,60,3.4,96,59.89
98,100,93,66,2.8,45,71.7
97,74,43,100,3.4,81,70.94
91,42,88,41,7.6,52,68.69
89,49,55,48,4.3,47,56.74
63,69,84,56,6.4,50,67.71
97,85,47,89,6.7,59,77.23
51,99,59,76,5.7,64,71.97
95,52,44,77,5.8,80,68.23
94,89,59,94,5.8,91,81.11
86,90,42,62,4.7,82,69.26
82,81,61,40,6.9,92,70.95
77,63,80,97,6.8,85,78.43
61,86,73,81,2.9,91,74.45
99,70,69,67,6.8,77,74.88
65,93,99,45,3.0,68,61.24
79,76,79,82,3.7,41,68.74
70,51,71,53,3.5,56,53.8
88,84,96,57,4.9,73,77.88
55,55,86,66,4.4,88,61.55
80,81,85,71,4.1,41,64.73
64,65,84,55,3.1,77,58.89
85,73,62,67,8.0,75,76.11
94,69,57,59,2.8,47,62.26
70,47,87,74,7.7,84,71.6
63,87,70,57,6.1,88,72.4
68,46,93,52,3.1,63,52.54
50,85,74,48,2.9,43,55.98
94,100,48,80,7.1,71,79.78
50,76,58,70,4.4,61,59.94
53,56,100,95,4.3,92,68.5
81,44,76,80,5.8,49,64.44
86,100,59,45,8.0,47,75.33
76,78,78,90,5.3,89,79.68
78,98,68,59,7.0,67,75.1
89,43,79,87,1.7,88,61.73
63,56,82,45,2.1,51,50.97
60,40,66,68,5.8,70,60.01
64,58,85,58,5.9,69,61.56
64,99,56,90,6.5,77,83.06
62,67,47,74,2.6,49,61.38
59,44,43,50,6.5,78,60.99
86,98,58,68,1.9,84,66.49
75,100,57,72,4.8,68,69.55
52,96,67,87,3.3,56,64.56
64,83,93,95,5.0,100,76.96
98,83,92,57,5.0,88,78.61
80,73,81,68,7.4,51,80.27
77,80,92,71,7.8,70,79.48
71,60,82,46,7.0,61,65.07
81,58,82,100,3.8,88,75.75
79,45,60,56,3.3,89,57.04
82,92,40,82,7.1,69,78.98
62,73,63,79,6.3,80,73.12
53,53,57,75,1.9,58,52.93
94,71,47,41,7.8,78,73.54
95,50,59,75,1.1,66,54.18
57,69,100,47,5.5,49,62.73
95,58,72,85,2.9,93,70.67
80,55,69,75,2.0,52,63.07
82,87,96,48,7.0,57,77.23
76,61,99,90,4.6,92,71.73
96,59,93,77,5.1,82,75.6
59,68,74,70,3.4,75,65.98
74,69,99,60,7.1,84,73.34
74,54,94,89,3.9,60,71.75
95,98,91,64,3.7,82,79.32
91,49,71,42,1.9,77,51.82
56,95,94,68,1.7,98,67.42
96,49,66,95,5.6,49,69.2
100,56,61,79,5.8,81,70.45
71,94,83,94,4.7,60,80.27
98,71,95,74,1.3,44,61.9
93,98,58,54,6.2,67,79.83
98,80,85,95,1.7,50,74.14
51,42,60,90,1.4,62,53.0
59,55,73,66,5.0,90,61.95
61,45,79,95,3.7,83,64.76
87,49,54,69,5.5,69,63.7
50,97,91,69,7.3,83,80.27
54,68,100,62,7.9,59,74.24
77,84,56,69,6.9,52,78.64
80,46,55,64,5.0,76,60.76
94,58,41,93,5.6,57,67.83
93,89,87,43,7.4,87,78.37
68,89,91,54,5.2,62,66.99
62,79,56,83,6.3,89,77.69
58,80,46,97,5.4,42,69.34
78,42,77,63,6.1,45,67.4
70,87,66,51,2.4,90,62.64
73,73,72,98,2.9,50,67.07
80,91,58,87,7.1,91,80.75
